port_number,lat,lon,bts_port_code
010401,45.80566,-70.39672,0104
010601,46.13488,-67.78129,0106
011501,45.18855,-67.27538,0115
011502,45.18855,-67.27538,0115
011503,45.18855,-67.27538,0115
020901,45.00574,-72.09928,0209
021101,45.01077,-71.79322,0211
021201,45.01541,-73.08504,0212
070101,44.73309,-75.45775,0701
070401,44.99056,-74.73972,0704
070801,44.34723,-75.98359,0708
071201,45.00883,-73.45266,0712
090101,43.09549,-79.05585,0901
090102,43.09549,-79.05585,0901
090103,43.09549,-79.05585,0901
090104,43.09549,-79.05585,0901
202401,31.76436,-106.45119,2402
230103,25.95155,-97.40067,2301
230106,25.95155,-97.40067,2301
230201,29.32678,-100.92761,2302
230301,28.70548,-100.51198,2303
230302,28.70548,-100.51198,2303
230401,27.49956,-99.50741,2304
230402,27.49956,-99.50741,2304
230403,27.49956,-99.50741,2304
230404,27.49956,-99.50741,2304
230501,26.09503,-98.27109,2305
230502,26.09503,-98.27109,2305
230503,26.09503,-98.27109,2305
230701,26.36576,-98.80251,2307
230901,26.06213,-97.94996,2309
230902,26.06213,-97.94996,2309
231001,26.40393,-99.01898,2310
231002,26.40393,-99.01898,2310
240104,31.67313,-106.33545,2401
240201,31.76436,-106.45119,2402
240202,31.76436,-106.45119,2402
240203,31.76436,-106.45119,2402
240204,31.76436,-106.45119,2402
240207,31.76436,-106.45119,2402
240215,31.76436,-106.45119,2402
240221,31.76436,-106.45119,2402
240301,29.56183,-104.39491,2403
240401,31.43533,-106.14267,2404
240601,31.78374,-107.62795,2406
240801,31.78394,-106.67944,2408
250201,32.71814,-114.72832,2502
250301,32.67339,-115.38802,2503
250302,32.67339,-115.38802,2503
250401,32.54253,-117.02876,2504
250407,32.54253,-117.02876,2504
250409,32.54253,-117.02876,2504
250501,32.57643,-116.62622,2505
250601,32.55033,-116.93854,2506
250602,32.55033,-116.93854,2506
250608,32.55033,-116.93854,2506
250609,32.55033,-116.93854,2506
260101,31.33404,-109.56034,2601
260201,31.8802,-112.81708,2602
260301,31.33408,-109.94841,2603
260305,31.33408,-109.94841,2603
260401,31.33284,-110.94252,2604
260402,31.33284,-110.94252,2604
260403,31.33284,-110.94252,2604
260801,32.485,-114.78222,2608
260802,32.485,-114.78222,2608
300401,48.99404,-122.74888,3004
300402,48.99404,-122.74888,3004
300403,48.99404,-122.74888,3004
300901,49.00239,-122.2648,3009
302301,49.00228,-122.48503,3023
331001,48.99839,-111.95961,3310
340101,49.00045,-97.23704,3401
360401,48.6078,-93.40135,3604
380001,42.33169,-83.04792,3801
380002,42.33169,-83.04792,3801
380102,42.33169,-83.04792,3801
380201,42.99861,-82.42361,3802
380301,46.50861,-84.36083,3803
535501,25.95155,-97.40067,2301
535502,25.95155,-97.40067,2301
535503,25.95155,-97.40067,2301
535504,25.95155,-97.40067,2301
L01901,47.36005,-68.32868,0109
