code,lat,lon,name
AC,-7.9417,-14.3625,Ascension
AD,42.5583,1.5553,Andorra
AE,24.4,54.3,United Arab Emirates
AF,33.0,66.0,Afghanistan
AG,17.1167,-61.85,Antigua and Barbuda
AI,18.2272,-63.0489,Anguilla
AL,41.0,20.0,Albania
AM,40.3833,44.95,Armenia
AO,-12.35,17.35,Angola
AQ,-90.0,0.0,Antarctica
AR,-34.0,-64.0,Argentina
AS,-14.2958,-170.7075,American Samoa
AT,48.0,14.0,Austria
AU,-25.0,133.0,Australia
AW,12.515,-69.975,Aruba
AX,60.25,20.0,Åland
AZ,40.3,47.7,Azerbaijan
BA,44.0,18.0,Bosnia and Herzegovina
BB,13.17,-59.5525,Barbados
BD,24.0167,89.8667,Bangladesh
BE,50.6411,4.6681,Belgium
BF,12.2667,-2.0667,Burkina Faso
BG,42.75,25.5,Bulgaria
BH,26.0675,50.5511,Bahrain
BI,-3.6667,29.8167,Burundi
BJ,8.8333,2.1833,Benin
BL,17.8977,-62.8342,Saint Barthélemy
BM,32.32,-64.74,Bermuda
BN,4.4,114.5667,Brunei
BO,-17.0569,-64.9912,Bolivia
BQ,12.1833,-68.2333,Caribbean Netherlands
BR,-14.0,-53.0,Brazil
BS,25.0,-77.4,The Bahamas
BT,27.45,90.5,Bhutan
BV,-54.42,3.36,Bouvet Island
BW,-22.2,23.7,Botswana
BY,53.5283,28.0467,Belarus
BZ,17.0667,-88.7,Belize
CA,56.0,-109.0,Canada
CC,-12.1175,96.895,Cocos (Keeling) Islands
CD,-2.88,23.6561,Democratic Republic of the Congo
CF,6.7,20.9,Central African Republic
CG,-0.75,15.3833,Republic of the Congo
CH,46.7986,8.232,Switzerland
CI,8.0,-6.0,Ivory Coast
CK,-21.2333,-159.7833,Cook Islands
CL,-33.0,-71.0,Chile
CM,5.1333,12.65,Cameroon
CN,35.8447,103.4519,People's Republic of China
CO,4.0,-73.25,Colombia
CP,10.2939,-109.2172,Clipperton Island
CQ,49.4331,-2.3608,Sark
CR,10.0,-84.0,Costa Rica
CU,22.0,-79.5,Cuba
CV,15.3,-23.7,Cape Verde
CW,12.2,-69.0,Curaçao
CX,-10.49,105.6275,Christmas Island
CY,35.0,33.0,Cyprus
CZ,50.0,15.0,Czech Republic
DE,51.0,10.0,Germany
DG,-7.3133,72.4111,Diego Garcia
DJ,11.8,42.4333,Djibouti
DK,56.0,10.0,Denmark
DM,15.4167,-61.3333,Dominica
DO,18.8,-70.2,Dominican Republic
DZ,28.0,1.0,Algeria
EC,-1.0,-78.0,Ecuador
EE,59.0,26.0,Estonia
EG,27.0,29.0,Egypt
EH,25.0,-13.0,Western Sahara
ER,15.4833,38.25,Eritrea
ES,40.2,-3.5,Spain
ET,9.0,40.0,Ethiopia
FI,65.0,27.0,Finland
FJ,-18.0,178.0,Fiji
FK,-51.73,-59.22,Falkland Islands
FM,6.9167,158.1833,Federated States of Micronesia
FO,61.9699,-6.8445,Faroe Islands
FR,47.0,2.0,France
GA,-0.6833,11.5,Gabon
GB,54.6,-2.0,United Kingdom
GD,12.1,-61.7,Grenada
GE,42.0,44.0,Georgia
GF,4.0,-53.0,French Guiana
GG,49.45,-2.5833,Guernsey
GH,7.9465,-1.0232,Ghana
GI,36.14,-5.35,Gibraltar
GL,72.0,-40.0,Greenland
GM,13.5,-15.5,The Gambia
GN,10.0,-11.0,Guinea
GP,16.25,-61.5,Guadeloupe
GQ,1.5,10.0,Equatorial Guinea
GR,38.5,23.0,Greece
GS,-54.25,-36.75,South Georgia and the South Sandwich Islands
GT,15.5,-90.25,Guatemala
GU,13.5,144.8,Guam
GW,12.0,-15.0,Guinea-Bissau
GY,5.7333,-59.3167,Guyana
HK,22.2783,114.1586,Hong Kong
HM,-53.0783,73.5075,Heard Island and McDonald Islands
HN,14.6333,-86.8167,Honduras
HR,45.25,15.4667,Croatia
HT,19.0,-72.8,Haiti
HU,47.0,19.0,Hungary
ID,-2.0,118.0,Indonesia
IE,53.0,-8.0,Ireland
IL,31.0,35.0,Israel
IM,54.235,-4.525,Isle of Man
IN,22.8,83.0,India
IO,-6.0,71.5,British Indian Ocean Territory
IQ,33.0,43.0,Iraq
IR,32.0,53.0,Iran
IS,65.0,-19.0,Iceland
IT,42.5,12.5,Italy
JE,49.19,-2.11,Jersey
JM,18.18,-77.4,Jamaica
JO,31.2,36.5,Jordan
JP,35.0,136.0,Japan
KE,0.1,38.0,Kenya
KG,41.0,75.0,Kyrgyzstan
KH,12.5,105.0,Cambodia
KI,1.4667,173.0333,Kiribati
KM,-12.3,43.7,Comoros
KN,17.2717,-62.6667,Saint Kitts and Nevis
KP,40.0,127.0,North Korea
KR,36.0,128.0,South Korea
KW,29.1667,47.6,Kuwait
KY,19.5,-80.5,Cayman Islands
KZ,48.0,68.0,Kazakhstan
LA,18.2,104.1,Laos
LB,33.8333,35.7667,Lebanon
LC,13.8833,-60.9667,Saint Lucia
LI,47.145,9.5539,Liechtenstein
LK,7.0,81.0,Sri Lanka
LR,6.5333,-9.75,Liberia
LS,-29.55,28.25,Lesotho
LT,55.2,24.0,Lithuania
LU,49.77,6.13,Luxembourg
LV,57.0,25.0,Latvia
LY,27.0,17.0,Libya
MA,32.0,-6.0,Morocco
MC,43.7311,7.42,Monaco
MD,47.25,28.5167,Moldova
ME,42.7667,19.2167,Montenegro
MF,18.0753,-63.06,Saint-Martin
MG,-20.0,47.0,Madagascar
MH,9.82,169.29,Marshall Islands
MK,41.65,21.7167,North Macedonia
ML,17.0,-4.0,Mali
MM,22.0,96.0,Myanmar
MN,46.0,105.0,Mongolia
MO,22.19,113.5381,Macau
MP,16.705,145.78,Northern Mariana Islands
MQ,14.65,-61.015,Martinique
MR,21.0,-11.0,Mauritania
MS,16.75,-62.2,Montserrat
MT,35.9,14.4,Malta
MU,-20.2,57.5,Mauritius
MV,4.18,73.51,Maldives
MW,-13.0,34.0,Malawi
MX,23.0,-102.0,Mexico
MY,3.7805,102.3144,Malaysia
MZ,-19.0,35.0,Mozambique
NA,-23.0,17.0,Namibia
NC,-21.25,165.3,New Caledonia
NE,17.0,10.0,Niger
NF,-29.0333,167.9497,Norfolk Island
NG,9.0,8.0,Nigeria
NI,13.0,-85.0,Nicaragua
NL,52.3667,4.8833,Kingdom of the Netherlands
NO,59.9333,10.6833,Norway
NP,28.0,84.0,Nepal
NR,-0.5275,166.935,Nauru
NU,-19.05,-169.9167,Niue
NZ,-41.2,174.0,New Zealand
OM,21.0,57.0,Oman
PA,8.6167,-80.3667,Panama
PE,-9.4,-76.0,Peru
PF,-17.7,-149.4,French Polynesia
PG,-6.3,147.0,Papua New Guinea
PH,12.0,123.0,Philippines
PK,30.0,71.0,Pakistan
PL,52.0,19.0,Poland
PM,46.85,-56.3,Saint Pierre and Miquelon
PN,-25.0678,-130.1046,Pitcairn Islands
PR,18.25,-66.5,Puerto Rico
PS,32.0,35.25,Palestine
PT,38.7,-9.1833,Portugal
PW,7.4667,134.55,Palau
PY,-23.5,-58.0,Paraguay
QA,25.2695,51.2128,Qatar
RE,-21.1144,55.5325,Réunion
RO,46.0,25.0,Romania
RS,43.95,20.9333,Serbia
RU,66.4167,94.25,Russia
RW,-2.0,30.0,Rwanda
SA,23.7167,44.1167,Saudi Arabia
SB,-9.4667,159.8167,Solomon Islands
SC,-7.1,52.7667,Seychelles
SD,15.0,32.0,Sudan
SE,61.0,15.0,Sweden
SG,1.3,103.8,Singapore
SH,-15.9245,-5.7181,"Saint Helena, Ascension and Tristan da Cunha"
SI,46.0,15.0,Slovenia
SJ,78.6352,21.9939,Svalbard and Jan Mayen
SK,48.7,19.7,Slovakia
SL,8.5,-12.1,Sierra Leone
SM,43.9333,12.4667,San Marino
SN,14.3667,-14.2833,Senegal
SO,6.0,47.0,Somalia
SR,4.0,-56.0,Suriname
SS,7.0,30.0,South Sudan
ST,0.3167,6.6,São Tomé and Príncipe
SV,13.6689,-88.8661,El Salvador
SX,18.0319,-63.0678,Sint Maarten
SY,35.2167,38.5833,Syria
SZ,-26.4833,31.4333,Eswatini
TA,-37.1128,-12.2834,Tristan da Cunha
TC,21.78,-71.8,Turks and Caicos Islands
TD,15.4667,19.4,Chad
TF,-43.0,67.0,French Southern and Antarctic Lands
TG,8.25,1.1833,Togo
TH,14.0,101.0,Thailand
TJ,38.5833,71.3667,Tajikistan
TK,-9.1667,-171.8333,Tokelau
TL,-8.9667,125.75,Timor-Leste
TM,39.0,60.0,Turkmenistan
TN,34.0,10.0,Tunisia
TO,-20.5878,-174.8103,Tonga
TR,39.0,36.0,Turkey
TT,10.6667,-61.5167,Trinidad and Tobago
TV,-7.475,178.0056,Tuvalu
TW,24.0,121.0,Taiwan
TZ,-6.3069,34.8539,Tanzania
UA,49.0,32.0,Ukraine
UG,1.28,32.39,Uganda
UM,19.3,166.6333,United States Minor Outlying Islands
US,39.8282,-98.5795,United States
UY,-33.0,-56.0,Uruguay
UZ,41.0,66.0,Uzbekistan
VA,41.904,12.453,Vatican City
VC,13.0139,-61.2296,Saint Vincent and the Grenadines
VE,8.0,-67.0,Venezuela
VG,18.445,-64.54,British Virgin Islands
VI,18.3333,-64.8333,United States Virgin Islands
VN,16.0,108.0,Vietnam
VU,-16.6333,168.0167,Vanuatu
WF,-14.3018,-178.1093,Wallis and Futuna
WS,-13.745,-172.2175,Samoa
XK,42.55,20.8333,Kosovo
YE,15.5,48.0,Yemen
YT,-12.8431,45.1383,Mayotte
ZA,-29.0,24.0,South Africa
ZM,-14.0,28.0,Zambia
ZW,-19.0,30.0,Zimbabwe
